type,sigma_A,rmin_A,radius_sigma_A,radius_rmin_A,epsilon_kJ_per_mol
AC1,4.7000,5.2756,2.3500,2.6378,3.5000
AC2,4.7000,5.2756,2.3500,2.6378,3.5000
BP4,4.7000,5.2756,2.3500,2.6378,4.9999
C1,4.7000,5.2756,2.3500,2.6378,3.5000
C2,4.7000,5.2756,2.3500,2.6378,3.5000
C3,4.7000,5.2756,2.3500,2.6378,3.5000
C4,4.7000,5.2756,2.3500,2.6378,3.5000
C5,4.7000,5.2756,2.3500,2.6378,3.5000
N0,4.7000,5.2756,2.3500,2.6378,3.5000
Na,4.7000,5.2756,2.3500,2.6378,3.9998
Nd,4.7000,5.2756,2.3500,2.6378,3.9998
Nda,4.7000,5.2756,2.3500,2.6378,4.4998
P1,4.7000,5.2756,2.3500,2.6378,4.4998
P2,4.7000,5.2756,2.3500,2.6378,4.4998
P3,4.7000,5.2756,2.3500,2.6378,4.9999
P4,4.7000,5.2756,2.3500,2.6378,4.9999
P5,4.7000,5.2756,2.3500,2.6378,5.5998
Q0,4.7000,5.2756,2.3500,2.6378,3.5000
Qa,4.7000,5.2756,2.3500,2.6378,4.9999
Qd,4.7000,5.2756,2.3500,2.6378,4.9999
Qda,4.7000,5.2756,2.3500,2.6378,5.5998
SC1,4.3000,4.8266,2.1500,2.4133,2.6251
SC2,4.3000,4.8266,2.1500,2.4133,2.6251
SC3,4.3000,4.8266,2.1500,2.4133,2.6251
SC4,4.3000,4.8266,2.1500,2.4133,2.6251
SC5,4.3000,4.8266,2.1500,2.4133,2.6251
SN0,4.3000,4.8266,2.1500,2.4133,2.6251
SNa,4.3000,4.8266,2.1500,2.4133,2.9999
SNd,4.3000,4.8266,2.1500,2.4133,2.9999
SNda,4.3000,4.8266,2.1500,2.4133,3.3749
SP1,4.3000,4.8266,2.1500,2.4133,3.3749
SP2,4.3000,4.8266,2.1500,2.4133,3.3749
SP3,4.3000,4.8266,2.1500,2.4133,3.7500
SP4,4.3000,4.8266,2.1500,2.4133,3.7500
SP5,4.3000,4.8266,2.1500,2.4133,4.2001
SQ0,4.3000,4.8266,2.1500,2.4133,2.6251
SQa,4.3000,4.8266,2.1500,2.4133,3.7500
SQd,4.3000,4.8266,2.1500,2.4133,3.7500
SQda,4.3000,4.8266,2.1500,2.4133,4.2001
